{
  "BiasedBehaviorSharpPeak": {
    "config_results": {
      "1. Naive PG": {
        "value": 0.48468148708343506,
        "best_beta": 0,
        "metrics": {
          "deterministic_value": 0.48468148708343506,
          "stochastic_mean": 0.39037027955055237,
          "stochastic_std": 0.3753967583179474,
          "action_variance": 0.018269618973135948
        }
      },
      "2. Clamped": {
        "value": 0.5728121399879456,
        "best_beta": 0,
        "metrics": {
          "deterministic_value": 0.5728121399879456,
          "stochastic_mean": 0.5390790700912476,
          "stochastic_std": 0.38636207580566406,
          "action_variance": 0.0018929073121398687
        }
      },
      "3. Clipped": {
        "value": 0.5653797388076782,
        "best_beta": 0,
        "metrics": {
          "deterministic_value": 0.5653797388076782,
          "stochastic_mean": 0.501767098903656,
          "stochastic_std": 0.3820980489253998,
          "action_variance": 0.004241999704390764
        }
      },
      "4. Clamped + Clipped": {
        "value": 0.5720364451408386,
        "best_beta": 0,
        "metrics": {
          "deterministic_value": 0.5720364451408386,
          "stochastic_mean": 0.5071589946746826,
          "stochastic_std": 0.38221296668052673,
          "action_variance": 0.004205132834613323
        }
      },
      "5. PPL (pure)": {
        "value": 0.6272974610328674,
        "best_beta": 0.5,
        "metrics": {
          "deterministic_value": 0.6272974610328674,
          "stochastic_mean": 0.575332522392273,
          "stochastic_std": 0.36785823106765747,
          "action_variance": 0.0027624221984297037
        }
      },
      "6. PPL (no clamping)": {
        "value": 0.5597965121269226,
        "best_beta": 0.0,
        "metrics": {
          "deterministic_value": 0.5597965121269226,
          "stochastic_mean": 0.4967147409915924,
          "stochastic_std": 0.38386449217796326,
          "action_variance": 0.004217687528580427
        }
      },
      "7. PPL (no clipping)": {
        "value": 0.6267746686935425,
        "best_beta": 0.5,
        "metrics": {
          "deterministic_value": 0.6267746686935425,
          "stochastic_mean": 0.5767327547073364,
          "stochastic_std": 0.3684583306312561,
          "action_variance": 0.002751875203102827
        }
      },
      "8. PPL (Both)": {
        "value": 0.5695385336875916,
        "best_beta": 0.5,
        "metrics": {
          "deterministic_value": 0.5695385336875916,
          "stochastic_mean": 0.5066567063331604,
          "stochastic_std": 0.38233548402786255,
          "action_variance": 0.004158135037869215
        }
      }
    },
    "n_offline": 10000,
    "plot_path": "results\\BiasedBehaviorSharpPeak_ablation.png"
  },
  "SafetyConstrainedReward": {
    "config_results": {
      "1. Naive PG": {
        "value": 0.6636041402816772,
        "best_beta": 0,
        "metrics": {
          "deterministic_value": 0.6636041402816772,
          "stochastic_mean": 0.6596294045448303,
          "stochastic_std": 0.23735076189041138,
          "action_variance": 0.0011902765836566687
        }
      },
      "2. Clamped": {
        "value": 0.9593676924705505,
        "best_beta": 0,
        "metrics": {
          "deterministic_value": 0.9593676924705505,
          "stochastic_mean": 0.9458637237548828,
          "stochastic_std": 0.06668802350759506,
          "action_variance": 0.0009267787099815905
        }
      },
      "3. Clipped": {
        "value": 0.9594679474830627,
        "best_beta": 0,
        "metrics": {
          "deterministic_value": 0.9594679474830627,
          "stochastic_mean": 0.9458158016204834,
          "stochastic_std": 0.0671827420592308,
          "action_variance": 0.0009263955871574581
        }
      },
      "4. Clamped + Clipped": {
        "value": 0.9590644240379333,
        "best_beta": 0,
        "metrics": {
          "deterministic_value": 0.9590644240379333,
          "stochastic_mean": 0.9454492926597595,
          "stochastic_std": 0.06720815598964691,
          "action_variance": 0.0009246525005437434
        }
      },
      "5. PPL (pure)": {
        "value": 0.958648145198822,
        "best_beta": 0.2,
        "metrics": {
          "deterministic_value": 0.958648145198822,
          "stochastic_mean": 0.9451296329498291,
          "stochastic_std": 0.06820806860923767,
          "action_variance": 0.0009435780812054873
        }
      },
      "6. PPL (no clamping)": {
        "value": 0.9595223665237427,
        "best_beta": 0.3,
        "metrics": {
          "deterministic_value": 0.9595223665237427,
          "stochastic_mean": 0.9456295371055603,
          "stochastic_std": 0.06676267087459564,
          "action_variance": 0.0009508627117611468
        }
      },
      "7. PPL (no clipping)": {
        "value": 0.9580152630805969,
        "best_beta": 0.15,
        "metrics": {
          "deterministic_value": 0.9580152630805969,
          "stochastic_mean": 0.9444848299026489,
          "stochastic_std": 0.06840886920690536,
          "action_variance": 0.0009314939379692078
        }
      },
      "8. PPL (Both)": {
        "value": 0.9594947099685669,
        "best_beta": 0.2,
        "metrics": {
          "deterministic_value": 0.9594947099685669,
          "stochastic_mean": 0.9456982612609863,
          "stochastic_std": 0.06737947463989258,
          "action_variance": 0.0009456768166273832
        }
      }
    },
    "n_offline": 10000,
    "plot_path": "results\\SafetyConstrainedReward_ablation.png"
  },
  "SparseRewardWithNoise": {
    "config_results": {
      "1. Naive PG": {
        "value": 0.22796083986759186,
        "best_beta": 0,
        "metrics": {
          "deterministic_value": 0.22796083986759186,
          "stochastic_mean": 0.2041580080986023,
          "stochastic_std": 0.28895366191864014,
          "action_variance": 0.023667747154831886
        }
      },
      "2. Clamped": {
        "value": 0.7916844487190247,
        "best_beta": 0,
        "metrics": {
          "deterministic_value": 0.7916844487190247,
          "stochastic_mean": 0.6319165825843811,
          "stochastic_std": 0.22241394221782684,
          "action_variance": 0.0029657145496457815
        }
      },
      "3. Clipped": {
        "value": 0.7935643792152405,
        "best_beta": 0,
        "metrics": {
          "deterministic_value": 0.7935643792152405,
          "stochastic_mean": 0.6327540874481201,
          "stochastic_std": 0.2221793383359909,
          "action_variance": 0.002979411045089364
        }
      },
      "4. Clamped + Clipped": {
        "value": 0.7918834686279297,
        "best_beta": 0,
        "metrics": {
          "deterministic_value": 0.7918834686279297,
          "stochastic_mean": 0.6329298615455627,
          "stochastic_std": 0.22217950224876404,
          "action_variance": 0.0029460815712809563
        }
      },
      "5. PPL (pure)": {
        "value": 0.7966088652610779,
        "best_beta": 0.3,
        "metrics": {
          "deterministic_value": 0.7966088652610779,
          "stochastic_mean": 0.632732629776001,
          "stochastic_std": 0.22272273898124695,
          "action_variance": 0.0029600225389003754
        }
      },
      "6. PPL (no clamping)": {
        "value": 0.7965482473373413,
        "best_beta": 0.5,
        "metrics": {
          "deterministic_value": 0.7965482473373413,
          "stochastic_mean": 0.6327722668647766,
          "stochastic_std": 0.22211620211601257,
          "action_variance": 0.002975480630993843
        }
      },
      "7. PPL (no clipping)": {
        "value": 0.795627236366272,
        "best_beta": 0.5,
        "metrics": {
          "deterministic_value": 0.795627236366272,
          "stochastic_mean": 0.6322341561317444,
          "stochastic_std": 0.2226840704679489,
          "action_variance": 0.0029943776316940784
        }
      },