{
  "TrigWithBetaHole": {
    "greedy_metrics": {
      "deterministic_value": 0.5242051482200623,
      "stochastic_mean": 0.4747346341609955,
      "stochastic_std": 0.6516083478927612,
      "action_variance": 0.018354279920458794
    },
    "naive_pg_metrics": {
      "deterministic_value": -0.008284015581011772,
      "stochastic_mean": -0.0011036605574190617,
      "stochastic_std": 0.6688542366027832,
      "action_variance": 0.3008916974067688
    },
    "ppl_metrics": {
      "deterministic_value": 0.524268627166748,
      "stochastic_mean": 0.47820359468460083,
      "stochastic_std": 0.6477302312850952,
      "action_variance": 0.019057828933000565
    },
    "greedy_history": {
      "mm_step": [
        1
      ],
      "loss": [
        -0.6562072038650513
      ],
      "V_s_n": [
        null
      ],
      "mean_weight": [
        1.0834898948669434
      ],
      "std_weight": [
        1.8869913816452026
      ],
      "max_clipped_weight": [
        7.809638500213623
      ],
      "ess": [
        2479.468017578125
      ],
      "V_const": 0.01
    },
    "naive_pg_history": {
      "step": [
        200,
        400,
        600,
        800,
        1000,
        1200,
        1400,
        1600,
        1800,
        2000
      ],
      "loss": [
        0.491867333650589,
        0.38985124230384827,
        0.36227038502693176,
        0.3541051149368286,
        0.3508899509906769,
        0.349349707365036,
        0.34851256012916565,
        0.3480176031589508,
        0.3477054834365845,
        0.3474985957145691
      ]
    },
    "ppl_history": {
      "mm_step": [
        1,
        2,
        3,
        4,
        5,
        6,
        7,
        8,
        9,
        10
      ],
      "loss": [
        -0.5080164074897766,
        -0.5361241102218628,
        -0.5612488985061646,
        -0.5778892040252686,
        -0.5905331373214722,
        -0.6014260053634644,
        -0.611703634262085,
        -0.6227965950965881,
        -0.6339455842971802,
        -0.6437616944313049
      ],
      "V_s_n": [
        0.012536780908703804,
        0.012621145695447922,
        0.013028111308813095,
        0.013917031697928905,
        0.01496230997145176,
        0.01606537587940693,
        0.01715623214840889,
        0.018234647810459137,
        0.01935073547065258,
        0.02048495039343834
      ],
      "mean_weight": [
        1.0074113607406616,
        1.011199951171875,
        1.013221025466919,
        1.0149028301239014,
        1.0204671621322632,
        1.0285115242004395,
        1.038334608078003,
        1.051599383354187,
        1.0666053295135498,
        1.0809483528137207
      ],
      "std_weight": [
        0.7602999806404114,
        0.8214568495750427,
        0.95405513048172,
        1.0993998050689697,
        1.2408101558685303,
        1.3731448650360107,
        1.4989614486694336,
        1.6243916749954224,
        1.7489097118377686,
        1.8635151386260986
      ],
      "max_clipped_weight": [
        2.1555230617523193,
        2.649094343185425,
        3.322066068649292,
        3.915299415588379,
        4.563493728637695,
        5.295040607452393,
        6.1482391357421875,
        6.828989505767822,
        7.37401819229126,
        7.758031845092773
      ],
      "ess": [
        6371.1240234375,
        6024.3642578125,
        5300.478515625,
        4600.9931640625,
        4034.74658203125,
        3593.970703125,
        3242.4990234375,
        2953.287841796875,
        2711.05078125,
        2517.59228515625
      ],
      "V_const": 0.01
    },
    "best_beta": 0.5,
    "n_offline": 10000,
    "plot_path": "results\\TrigWithBetaHole_metrics.png"
  },
  "SimplePeakWithMoGHole": {
    "greedy_metrics": {
      "deterministic_value": 0.9371107220649719,
      "stochastic_mean": 0.9127528071403503,
      "stochastic_std": 0.11496926844120026,
      "action_variance": 0.021819381043314934
    },
    "naive_pg_metrics": {
      "deterministic_value": 0.7851459980010986,
      "stochastic_mean": 0.5891364812850952,
      "stochastic_std": 0.516819179058075,
      "action_variance": 0.1768530309200287
    },
    "ppl_metrics": {
      "deterministic_value": 0.9395135641098022,
      "stochastic_mean": 0.9148973226547241,
      "stochastic_std": 0.11208841949701309,
      "action_variance": 0.02205020748078823
    },
    "greedy_history": {
      "mm_step": [
        1
      ],
      "loss": [
        -0.797250509262085
      ],
      "V_s_n": [
        null
      ],
      "mean_weight": [
        1.0739586353302002
      ],
      "std_weight": [
        9.851832389831543
      ],
      "max_clipped_weight": [
        20.0
      ],
      "ess": [
        117.43852996826172
      ],
      "V_const": 0.01
    },
    "naive_pg_history": {
      "step": [
        200,
        400,
        600,
        800,
        1000,
        1200,
        1400,
        1600,
        1800,
        2000
      ],
      "loss": [
        0.41450855135917664,
        0.4091663062572479,
        0.40836137533187866,
        0.40766292810440063,
        0.40692436695098877,
        0.40607911348342896,
        0.4052007794380188,
        0.4042380750179291,
        0.40318676829338074,
        0.40200144052505493
      ]
    },
    "ppl_history": {
      "mm_step": [
        1,
        2,
        3,
        4,
        5,
        6,
        7,
        8,
        9,
        10
      ],
      "loss": [
        -0.5101363062858582,
        -0.5448163747787476,
        -0.5759553909301758,
        -0.608130693435669,
        -0.6445057392120361,
        -0.6849847435951233,
        -0.7208026051521301,
        -0.7499985098838806,
        -0.7740612626075745,
        -0.7927234172821045
      ],
      "V_s_n": [
        0.06298358738422394,
        0.06199013441801071,
        0.0676112174987793,
        0.07823769003152847,
        0.09246640652418137,
        0.10497112572193146,
        0.1159585565328598,
        0.12509068846702576,
        0.12898410856723785,
        0.11806003004312515
      ],
      "mean_weight": [
        0.8334948420524597,
        0.8330675959587097,
        0.8477299809455872,
        0.8909809589385986,
        0.9379509687423706,
        0.989480197429657,
        1.0328022241592407,
        1.0621308088302612,
        1.0734106302261353,
        1.0680043697357178
      ],
      "std_weight": [
        6.14272403717041,
        6.709601879119873,
        7.777706146240234,
        9.203615188598633,
        10.455124855041504,
        11.553564071655273,
        12.46635913848877,
        12.854606628417969,
        11.75710391998291,
        9.236488342285156
      ],
      "max_clipped_weight": [
        20.0,
        20.0,
        20.0,
        20.0,
        20.0,
        20.0,
        20.0,
        20.0,
        20.0,
        20.0
      ],
      "ess": [
        180.78427124023438,
        151.81790161132812,
        117.4040298461914,
        92.84720611572266,
        79.84000396728516,
        72.81294250488281,
        68.1686019897461,
        67.80841064453125,
        82.66582489013672,
        131.936279296875
      ],
      "V_const": 0.01
    },
    "best_beta": 0.7,
    "n_offline": 10000,
    "plot_path": "results\\SimplePeakWithMoGHole_metrics.png"
  },
  "SimpleRewardWithMovingMean": {
    "greedy_metrics": {
      "deterministic_value": 0.04650549218058586,
      "stochastic_mean": 0.04633115604519844,
      "stochastic_std": 0.5710915923118591,
      "action_variance": 0.01944917067885399
    },
    "naive_pg_metrics": {
      "deterministic_value": 0.018140211701393127,
      "stochastic_mean": 0.01809648983180523,
      "stochastic_std": 0.5769006013870239,
      "action_variance": 0.023239580914378166
    },
    "ppl_metrics": {
      "deterministic_value": 0.04853701964020729,
      "stochastic_mean": 0.0480487197637558,
      "stochastic_std": 0.5741434097290039,
      "action_variance": 0.019256211817264557
    },