{
  "TrigWithBetaHole": {
    "greedy_metrics": {
      "deterministic_value": 0.5085076093673706,
      "stochastic_mean": 0.45437461137771606,
      "stochastic_std": 0.6765831112861633,
      "action_variance": 0.014257078990340233
    },
    "ppl_metrics": {
      "deterministic_value": 0.5208637714385986,
      "stochastic_mean": 0.47376909852027893,
      "stochastic_std": 0.6770060062408447,
      "action_variance": 0.01486719399690628
    },
    "greedy_history": {
      "mm_step": [
        1
      ],
      "loss": [
        -0.7631495594978333
      ],
      "V_s_n": [
        null
      ],
      "mean_weight": [
        1.2688368558883667
      ],
      "std_weight": [
        2.186218738555908
      ],
      "max_clipped_weight": [
        9.074984550476074
      ],
      "ess": [
        503.93524169921875
      ],
      "V_const": 0.022360679774997897
    },
    "ppl_history": {
      "mm_step": [
        1,
        2,
        3,
        4,
        5,
        6,
        7,
        8,
        9,
        10
      ],
      "loss": [
        -0.47918176651000977,
        -0.511619508266449,
        -0.5476268529891968,
        -0.5729473829269409,
        -0.5947549343109131,
        -0.618803858757019,
        -0.6428446173667908,
        -0.6697866320610046,
        -0.7038705945014954,
        -0.7407360672950745
      ],
      "V_s_n": [
        0.027739545330405235,
        0.0279875248670578,
        0.029324423521757126,
        0.03213545307517052,
        0.03514756262302399,
        0.03785524517297745,
        0.04104015976190567,
        0.04422378912568092,
        0.04766650125384331,
        0.05191094055771828
      ],
      "mean_weight": [
        0.9873480200767517,
        1.007489800453186,
        1.0324032306671143,
        1.056567907333374,
        1.0793170928955078,
        1.1097636222839355,
        1.1387882232666016,
        1.170823574066162,
        1.2158740758895874,
        1.2702815532684326
      ],
      "std_weight": [
        0.7692508697509766,
        0.8395283222198486,
        0.9997590780258179,
        1.1637725830078125,
        1.304267406463623,
        1.4618529081344604,
        1.6169873476028442,
        1.7813934087753296,
        1.9776605367660522,
        2.18157696723938
      ],
      "max_clipped_weight": [
        2.201972484588623,
        2.5975351333618164,
        3.4823484420776367,
        4.181595325469971,
        4.764766216278076,
        5.536245822906494,
        6.442643642425537,
        7.386132717132568,
        8.294574737548828,
        9.06432819366455
      ],
      "ess": [
        1244.5477294921875,
        1180.38134765625,
        1032.119140625,
        903.65869140625,
        812.9166870117188,
        731.21142578125,
        663.0924682617188,
        603.33203125,
        548.6044921875,
        506.3995361328125
      ],
      "V_const": 0.022360679774997897
    },
    "n_offline": 2000,
    "plot_path": "results\\TrigWithBetaHole_metrics.png"
  },
  "SimplePeakWithMoGHole": {
    "greedy_metrics": {
      "deterministic_value": 0.8989365100860596,
      "stochastic_mean": 0.861763596534729,
      "stochastic_std": 0.19600296020507812,
      "action_variance": 0.03358805179595947
    },
    "ppl_metrics": {
      "deterministic_value": 0.9013382792472839,
      "stochastic_mean": 0.8652713894844055,
      "stochastic_std": 0.19244609773159027,
      "action_variance": 0.03234609216451645
    },
    "greedy_history": {
      "mm_step": [
        1
      ],
      "loss": [
        -0.8871648907661438
      ],
      "V_s_n": [
        null
      ],
      "mean_weight": [
        1.124813437461853
      ],
      "std_weight": [
        3.7274725437164307
      ],
      "max_clipped_weight": [
        20.0
      ],
      "ess": [
        166.92181396484375
      ],
      "V_const": 0.022360679774997897
    },
    "ppl_history": {
      "mm_step": [
        1,
        2,
        3,
        4,
        5,
        6,
        7,
        8,
        9,
        10
      ],
      "loss": [
        -0.568973183631897,
        -0.6113927960395813,
        -0.6395901441574097,
        -0.6705702543258667,
        -0.7051849365234375,
        -0.7409299612045288,
        -0.7795839309692383,
        -0.812621533870697,
        -0.8416242599487305,
        -0.8685481548309326
      ],
      "V_s_n": [
        0.2141660451889038,
        0.21195916831493378,
        0.16388149559497833,
        0.14452071487903595,
        0.12269622087478638,
        0.10577551275491714,
        0.0974925234913826,
        0.09247375279664993,
        0.09033218026161194,
        0.08787603676319122
      ],
      "mean_weight": [
        1.048498272895813,
        0.9943128824234009,
        0.9888961911201477,
        0.9946038722991943,
        1.0065443515777588,
        1.0219910144805908,
        1.0451866388320923,
        1.0779483318328857,
        1.1043459177017212,
        1.1275769472122192
      ],
      "std_weight": [
        9.42093563079834,
        7.261241436004639,
        6.38706111907959,
        5.396247386932373,
        4.622097492218018,
        4.238527297973633,
        4.001296520233154,
        3.893306016921997,
        3.7715797424316406,
        3.658259868621826
      ],
      "max_clipped_weight": [
        20.0,
        20.0,
        20.0,
        20.0,
        20.0,
        20.0,
        20.0,
        20.0,
        20.0,
        20.0
      ],
      "ess": [
        24.469839096069336,
        36.811737060546875,
        46.82106399536133,
        65.71098327636719,
        90.55148315429688,
        109.88833618164062,
        127.74701690673828,
        142.4003143310547,
        157.93174743652344,
        173.5231475830078
      ],
      "V_const": 0.022360679774997897
    },
    "n_offline": 2000,
    "plot_path": "results\\SimplePeakWithMoGHole_metrics.png"
  },
  "SimpleRewardWithMovingMean": {
    "greedy_metrics": {
      "deterministic_value": 0.05946199968457222,
      "stochastic_mean": 0.05852556601166725,
      "stochastic_std": 0.5616926550865173,
      "action_variance": 0.017891237512230873
    },
    "ppl_metrics": {
      "deterministic_value": 0.06867136061191559,
      "stochastic_mean": 0.06896484643220901,
      "stochastic_std": 0.5690022110939026,
      "action_variance": 0.017640547826886177
    },
    "greedy_history": {
      "mm_step": [
        1
      ],
      "loss": [
        -0.5550554990768433
      ],
      "V_s_n": [
        null
      ],
      "mean_weight": [
        1.036754846572876
      ],
      "std_weight": [
        2.049074649810791
      ],
      "max_clipped_weight": [
        20.0
      ],
      "ess": [
        407.6407775878906
      ],
      "V_const": 0.022360679774997897
    },
    "ppl_history": {
      "mm_step": [
        1,
        2,
        3,
        4,
        5,
        6,
        7,
        8,
        9,
        10
      ],
      "loss": [
        -0.16924908757209778,
        -0.2315312772989273,
        -0.29316654801368713,
        -0.35293859243392944,
        -0.399139404296875,
        -0.4341927766799927,
        -0.46400293707847595,
        -0.49005383253097534,
        -0.5126552581787109,
        -0.5319674015045166
      ],
      "V_s_n": [
        0.01582183502614498,
        0.01944349706172943,
        0.028216684237122536,
        0.03599036857485771,
        0.04172467067837715,
        0.04265236109495163,
        0.04184100776910782,
        0.04273860156536102,
        0.0456099659204483,
        0.04807472974061966
      ],
      "mean_weight": [
        0.3147266209125519,
        0.4222758412361145,
        0.5983807444572449,
        0.7281005382537842,
        0.8135231733322144,
        0.8721659183502197,
        0.9220611453056335,
        0.9691098928451538,
        1.0088526010513306,
        1.0426936149597168
      ],